"","","Rapport N° :185/24-PS","","","",""
"Type d’échantillon : Eau traitée","","Lieu de prélèvement : RADEES","","","Date/heure du prélèvement : 01/04/2024 à 09h00",""
"Nom & coordonnées du client : OCP-SAFI","","Prélevé par :  Mr. Anas BENRADIA","","","Date/heure de réception : 02/04/2024 à 08h45",""
"Code échantillon : 042-02/04","","Référence du client : RADEES 728","","","Date/heure début d'analyse : 02/04/2024 à 09h10",""
"Lieu d’exécution des analyses : LC2A","","Condition de réception :   T°C : 6.2°C","","Date d’édition : 07/04/2024","",""
"Référence de la méthode d’échantillonnage:","Volume : 6 litre","","","Conditions spécifiques : 3°C à 8°C","",""
"INSPC/15/V01","","","","","",""
"","","","","","Critères",""
"","","","","Incertitude","",""
"Paramètre(s) microbiologiques","Méthode/Version","Résultat","(unité","","microbiologiques","Appréciation"
"","","","","(%)","",""
"","","","","","Marocains(1) (VMA)",""
"Dénombrement de micro-organismes","NM ISO 6222","","","","",""
"","","<1","ufc/1ml","0,078","1.102","S"
"revivifiables à 22°C*","(2007)","","","","",""
"Dénombrement de micro-organismes","NM ISO 6222","","","","",""
"","","<1","ufc/1ml","0,10","2.101","S"
"revivifiables à 36°C*","(2007)","","","","",""
"","NM ISO 9308-1","","","","",""
"Dénombrement des bactéries coliforme*","","<1","ufc/100ml","0,59","0","S"
"","(2019)","","","","",""
"","NM ISO 9308-1","","","","",""
"Dénombrement d’Escherichia coli *","","<1","ufc/100ml","1","0","S"
"","(2019)","","","","",""
"Recherche et dénombrement des spores","","","","","",""
"","NM ISO 6461-2","","","","",""
"de micro-organismes anaérobies sulfito-","","<1","ufc/100ml","0,40","0","S"
"","(2007)","","","","",""
"réducteurs (Clostridia)*","","","","","",""
"Recherche et dénombrement des","NM ISO 7899-2","","","","",""
"","","<1","ufc/100ml","1,02","0","S"
"Entérocoques intestinaux *","(2007)","","","","",""
